{
    "cache_path_map": "{\"49051a2b08761814117b58c38593a0c3\": \"C:\\\\Users\\\\kaneryu\\\\Projects\\\\InnerTuneDesktop\\\\.;images_cache\\\\49051a2b08761814117b58c38593a0c3.png\", \"e3b5f2810d310e3d288d76320b8cce98\": \"C:\\\\Users\\\\kaneryu\\\\Projects\\\\InnerTuneDesktop\\\\.;images_cache\\\\e3b5f2810d310e3d288d76320b8cce98.png\", \"86ea2eff11ab70a4275208fcba13ad37\": \"C:\\\\Users\\\\kaneryu\\\\Projects\\\\InnerTuneDesktop\\\\.;images_cache\\\\86ea2eff11ab70a4275208fcba13ad37.png\", \"830709c4b2dcb00da5073d57c249bf0d\": \"C:\\\\Users\\\\kaneryu\\\\Projects\\\\InnerTuneDesktop\\\\.;images_cache\\\\830709c4b2dcb00da5073d57c249bf0d.png\", \"2dbf66b7878ab985f6fa614d64fb7a0e\": \"C:\\\\Users\\\\kaneryu\\\\Projects\\\\InnerTuneDesktop\\\\.;images_cache\\\\2dbf66b7878ab985f6fa614d64fb7a0e.png\", \"b402dfcb96329e4d8f3c1dba9faa6c21\": \"C:\\\\Users\\\\kaneryu\\\\Projects\\\\InnerTuneDesktop\\\\.;images_cache\\\\b402dfcb96329e4d8f3c1dba9faa6c21.png\", \"8264615bf82aa40c6dd1cde894020cda\": \"C:\\\\Users\\\\kaneryu\\\\Projects\\\\InnerTuneDesktop\\\\.;images_cache\\\\8264615bf82aa40c6dd1cde894020cda.png\"}",
    "expiry_times": "{}",
    "metadata": "{\"49051a2b08761814117b58c38593a0c3\": {\"filext\": \".png\", \"expiration\": null, \"accessCount\": 0, \"bytes\": true, \"size\": 5969}, \"e3b5f2810d310e3d288d76320b8cce98\": {\"filext\": \".png\", \"expiration\": null, \"accessCount\": 0, \"bytes\": true, \"size\": 75576}, \"86ea2eff11ab70a4275208fcba13ad37\": {\"filext\": \".png\", \"expiration\": null, \"accessCount\": 0, \"bytes\": true, \"size\": 9258}, \"830709c4b2dcb00da5073d57c249bf0d\": {\"filext\": \".png\", \"expiration\": null, \"accessCount\": 0, \"bytes\": true, \"size\": 10871}, \"2dbf66b7878ab985f6fa614d64fb7a0e\": {\"filext\": \".png\", \"expiration\": null, \"accessCount\": 0, \"bytes\": true, \"size\": 834592}, \"b402dfcb96329e4d8f3c1dba9faa6c21\": {\"filext\": \".png\", \"expiration\": null, \"accessCount\": 0, \"bytes\": true, \"size\": 16459}, \"8264615bf82aa40c6dd1cde894020cda\": {\"filext\": \".png\", \"expiration\": null, \"accessCount\": 0, \"bytes\": true, \"size\": 18479}}",
    "last_used": "{\"49051a2b08761814117b58c38593a0c3\": 1734241227.8717487, \"e3b5f2810d310e3d288d76320b8cce98\": 1734241228.7385662, \"86ea2eff11ab70a4275208fcba13ad37\": 1734241228.7873743, \"830709c4b2dcb00da5073d57c249bf0d\": 1734241228.803382, \"2dbf66b7878ab985f6fa614d64fb7a0e\": 1734241234.7995968, \"b402dfcb96329e4d8f3c1dba9faa6c21\": 1734241234.942734, \"8264615bf82aa40c6dd1cde894020cda\": 1734241234.957739}"
}